<EDI850>
  <ST>
    <ST01>850</ST01>
    <ST02>0001</ST02>
  </ST>
  <BEG>
    <BEG01>00</BEG01>
    <BEG02>NE</BEG02>
    <BEG03>1234567890</BEG03>
    <BEG04>
    </BEG04>
    <BEG05>20080827</BEG05>
  </BEG>
  <REF>
    <REF01>VR</REF01>
    <REF02>2046159</REF02>
  </REF>
  <PER>
    <PER01>BD</PER01>
    <PER02>JANE WATSON</PER02>
    <PER03>TE</PER03>
    <PER04>800-555-1234</PER04>
  </PER>
  <N1>
    <N101>ST</N101>
    <N102>MARVEL STUDIOS</N102>
    <N103>92</N103>
    <N104>SPID</N104>
  </N1>
  <PO1>
    <PO101>00010</PO101>
    <PO102>50</PO102>
    <PO103>EA</PO103>
    <PO104>47.06</PO104>
    <PO105>HP</PO105>
    <PO106>VC</PO106>
    <PO107>CATCR50</PO107>
  </PO1>
  <PID>
    <PID01>F</PID01>
    <PID02>
    </PID02>
    <PID03>
    </PID03>
    <PID04>
    </PID04>
    <PID05>CABLE RETAINER CLIP PLASTIC</PID05>
  </PID>
  <DTM>
    <DTM01>106</DTM01>
    <DTM02>20080903</DTM02>
  </DTM>
  <PO1>
    <PO101>00020</PO101>
    <PO102>200</PO102>
    <PO103>EA</PO103>
    <PO104>427.01</PO104>
    <PO105>HP</PO105>
    <PO106>VC</PO106>
    <PO107>512</PO107>
  </PO1>
  <PID>
    <PID01>F</PID01>
    <PID02>
    </PID02>
    <PID03>
    </PID03>
    <PID04>
    </PID04>
    <PID05>T-BAR  BOX HANGER</PID05>
  </PID>
  <DTM>
    <DTM01>106</DTM01>
    <DTM02>20080903</DTM02>
  </DTM>
  <PO1>
    <PO101>00030</PO101>
    <PO102>200</PO102>
    <PO103>EA</PO103>
    <PO104>102.17</PO104>
    <PO105>HP</PO105>
    <PO106>VC</PO106>
    <PO107>MPLS</PO107>
  </PO1>
  <PID>
    <PID01>F</PID01>
    <PID02>
    </PID02>
    <PID03>
    </PID03>
    <PID04>
    </PID04>
    <PID05>DRYWALL BRACKET</PID05>
  </PID>
  <DTM>
    <DTM01>106</DTM01>
    <DTM02>20080903</DTM02>
  </DTM>
  <PO1>
    <PO101>00040</PO101>
    <PO102>560</PO102>
    <PO103>EA</PO103>
    <PO104>244.18</PO104>
    <PO105>HP</PO105>
    <PO106>VC</PO106>
    <PO107>CAT324Z34</PO107>
  </PO1>
  <PID>
    <PID01>F</PID01>
    <PID02>
    </PID02>
    <PID03>
    </PID03>
    <PID04>
    </PID04>
    <PID05>PRE-RIV ASSMBY</PID05>
  </PID>
  <DTM>
    <DTM01>106</DTM01>
    <DTM02>20080903</DTM02>
  </DTM>
  <PO1>
    <PO101>00050</PO101>
    <PO102>50</PO102>
    <PO103>EA</PO103>
    <PO104>360.04</PO104>
    <PO105>HP</PO105>
    <PO106>VC</PO106>
    <PO107>CAT64</PO107>
  </PO1>
  <PID>
    <PID01>F</PID01>
    <PID02>
    </PID02>
    <PID03>
    </PID03>
    <PID04>
    </PID04>
    <PID05>4IN J-HOOK</PID05>
  </PID>
  <DTM>
    <DTM01>106</DTM01>
    <DTM02>20080903</DTM02>
  </DTM>
  <CTT>
    <CTT01>5</CTT01>
  </CTT>
  <SE>
    <SE01>22</SE01>
    <SE02>0001</SE02>
  </SE>
</EDI850>