<marshal><object id="i2" module="__main__" class="PurchaseOrder850"><tuple/><dictionary id="i3"><string>LineItems</string><list id="i4"><object id="i5" module="__main__" class="PurchaseOrder850LineItem"><tuple/><dictionary id="i6"><string>Basis</string><string>HP</string><string>DateRequested</string><string>20080903</string><string>Descr</string><string>CABLE RETAINER CLIP PLASTIC</string><string>LineNum</string><string>00010</string><string>PartNum</string><string>CATCR50</string><string>Price</string><string>47.06</string><string>Qty</string><string>50</string><string>UOM</string><string>EA</string></dictionary></object><object id="i7" module="__main__" class="PurchaseOrder850LineItem"><tuple/><dictionary id="i8"><string>Basis</string><string>HP</string><string>DateRequested</string><string>20080903</string><string>Descr</string><string>T-BAR BOX HANGER</string><string>LineNum</string><string>00020</string><string>PartNum</string><string>512</string><string>Price</string><string>427.01</string><string>Qty</string><string>200</string><string>UOM</string><string>EA</string></dictionary></object><object id="i9" module="__main__" class="PurchaseOrder850LineItem"><tuple/><dictionary id="i10"><string>Basis</string><string>HP</string><string>DateRequested</string><string>20080903</string><string>Descr</string><string>DRYWALL BRACKET</string><string>LineNum</string><string>00030</string><string>PartNum</string><string>MPLS</string><string>Price</string><string>102.17</string><string>Qty</string><string>200</string><string>UOM</string><string>EA</string></dictionary></object><object id="i11" module="__main__" class="PurchaseOrder850LineItem"><tuple/><dictionary id="i12"><string>Basis</string><string>HP</string><string>DateRequested</string><string>20080903</string><string>Descr</string><string>PRE-RIV ASSMBY</string><string>LineNum</string><string>00040</string><string>PartNum</string><string>CAT324Z34</string><string>Price</string><string>244.18</string><string>Qty</string><string>560</string><string>UOM</string><string>EA</string></dictionary></object><object id="i13" module="__main__" class="PurchaseOrder850LineItem"><tuple/><dictionary id="i14"><string>Basis</string><string>HP</string><string>DateRequested</string><string>20080903</string><string>Descr</string><string>4IN J-HOOK</string><string>LineNum</string><string>00050</string><string>PartNum</string><string>CAT64</string><string>Price</string><string>360.04</string><string>Qty</string><string>50</string><string>UOM</string><string>EA</string></dictionary></object></list><string>PODate</string><string>20080827</string><string>PONum</string><string>1234567890</string><string>POType</string><string>NE</string><string>RefDemo</string><string>123456</string><string>ShipToCode</string><string>92</string><string>ShipToName</string><string>MARVEL STUDIOS</string><string>VendorRefNum</string><string>2046159</string></dictionary></object></marshal>