<PO850>
  <ISA>
    <ISA01>00</ISA01>
    <ISA02>          </ISA02>
    <ISA03>00</ISA03>
    <ISA04>          </ISA04>
    <ISA05>01</ISA05>
    <ISA06>0011223456     </ISA06>
    <ISA07>01</ISA07>
    <ISA08>999999999      </ISA08>
    <ISA09>950120</ISA09>
    <ISA10>0147</ISA10>
    <ISA11>U</ISA11>
    <ISA12>00401</ISA12>
    <ISA13>000000005</ISA13>
    <ISA14>0</ISA14>
    <ISA15>P</ISA15>
    <ISA16>&gt;</ISA16>
  </ISA>
  <GS>
    <GS01>01</GS01>
    <GS02></GS02>
    <GS03></GS03>
    <GS04>20200622</GS04>
    <GS05>0900</GS05>
    <GS06>001</GS06>
    <GS07>X</GS07>
    <GS08>004010</GS08>
  </GS>
  <ST>
    <ST01>850</ST01>
    <ST02>0001</ST02>
  </ST>
  <BEG>
    <BEG01>00</BEG01>
    <BEG02>NE</BEG02>
    <BEG03>1234567890</BEG03>
    <BEG04></BEG04>
    <BEG05>20080827</BEG05>
  </BEG>
  <REF>
    <REF01>AB</REF01>
    <REF02>123456</REF02>
  </REF>
  <REF>
    <REF01>VR</REF01>
    <REF02>2046159</REF02>
  </REF>
  <REF>
    <REF01>ZZ</REF01>
    <REF02>9999999</REF02>
  </REF>
  <PER>
    <PER01>BD</PER01>
    <PER02>JANE WATSON</PER02>
    <PER03>TE</PER03>
    <PER04>800-555-1234</PER04>
    <PER05>FX</PER05>
    <PER06>800-555-5678</PER06>
  </PER>
  <N1>
    <N101>ST</N101>
    <N102>MARVEL STUDIOS</N102>
    <N103>92</N103>
    <N104>SPID</N104>
  </N1>
  <PO1Loop>
    <PO1>
      <PO101>00010</PO101>
      <PO102>50</PO102>
      <PO103>EA</PO103>
      <PO104>47.06</PO104>
      <PO105>HP</PO105>
      <PO106>VC</PO106>
      <PO107>CATCR50</PO107>
      <PO108>UI</PO108>
      <PO109>78285659766</PO109>
    </PO1>
    <PID>
      <PID01>F</PID01>
      <PID02></PID02>
      <PID03></PID03>
      <PID04></PID04>
      <PID05>CABLE RETAINER CLIP PLASTIC</PID05>
    </PID>
    <DTM>
      <DTM01>106</DTM01>
      <DTM02>20080903</DTM02>
    </DTM>
  </PO1Loop>
  <PO1Loop>
    <PO1>
      <PO101>00020</PO101>
      <PO102>200</PO102>
      <PO103>EA</PO103>
      <PO104>427.01</PO104>
      <PO105>HP</PO105>
      <PO106>VC</PO106>
      <PO107>512</PO107>
      <PO108>UI</PO108>
      <PO109>78285667751</PO109>
    </PO1>
    <PID>
      <PID01>F</PID01>
      <PID02></PID02>
      <PID03></PID03>
      <PID04></PID04>
      <PID05>T-BAR BOX HANGER</PID05>
    </PID>
    <DTM>
      <DTM01>106</DTM01>
      <DTM02>20080903</DTM02>
    </DTM>
  </PO1Loop>
  <PO1Loop>
    <PO1>
      <PO101>00030</PO101>
      <PO102>200</PO102>
      <PO103>EA</PO103>
      <PO104>102.17</PO104>
      <PO105>HP</PO105>
      <PO106>VC</PO106>
      <PO107>MPLS</PO107>
      <PO108>UI</PO108>
      <PO109>78285648635</PO109>
    </PO1>
    <PID>
      <PID01>F</PID01>
      <PID02></PID02>
      <PID03></PID03>
      <PID04></PID04>
      <PID05>DRYWALL BRACKET</PID05>
    </PID>
    <DTM>
      <DTM01>106</DTM01>
      <DTM02>20080903</DTM02>
    </DTM>
  </PO1Loop>
  <PO1Loop>
    <PO1>
      <PO101>00040</PO101>
      <PO102>560</PO102>
      <PO103>EA</PO103>
      <PO104>244.18</PO104>
      <PO105>HP</PO105>
      <PO106>VC</PO106>
      <PO107>CAT324Z34</PO107>
      <PO108>UI</PO108>
      <PO109>78285630260</PO109>
    </PO1>
    <PID>
      <PID01>F</PID01>
      <PID02></PID02>
      <PID03></PID03>
      <PID04></PID04>
      <PID05>PRE-RIV ASSMBY</PID05>
    </PID>
    <DTM>
      <DTM01>106</DTM01>
      <DTM02>20080903</DTM02>
    </DTM>
  </PO1Loop>
  <PO1Loop>
    <PO1>
      <PO101>00050</PO101>
      <PO102>50</PO102>
      <PO103>EA</PO103>
      <PO104>360.04</PO104>
      <PO105>HP</PO105>
      <PO106>VC</PO106>
      <PO107>CAT64</PO107>
      <PO108>UI</PO108>
      <PO109>78285638353</PO109>
    </PO1>
    <PID>
      <PID01>F</PID01>
      <PID02></PID02>
      <PID03></PID03>
      <PID04></PID04>
      <PID05>4IN J-HOOK</PID05>
    </PID>
    <DTM>
      <DTM01>106</DTM01>
      <DTM02>20080903</DTM02>
    </DTM>
  </PO1Loop>
  <CTT>
    <CTT01>5</CTT01>
    <CTT02>1060</CTT02>
  </CTT>
  <SE>
    <SE01>22</SE01>
    <SE02>0001</SE02>
  </SE>
  <GE>
    <GE01>1</GE01>
    <GE02>001</GE02>
  </GE>
  <IEA>
    <IEA01>1</IEA01>
    <IEA02>000000005</IEA02>
  </IEA>
</PO850>
